Test Case Number: 7,,,,
0,0,,,
0,0.01,,,
0,0,,,
0,0.02,,,
0,0.01,,,
0,0,,,
0,0.01,,,
0,0,,,
0,0.01,,,
0,0.01,,,
0,0,,,
0,0.01,,,
0,0,,,
0,0,,,
0,0,,,
0,0,,,
0,0.02,,,
0,0.01,,,
0,0,,,
0,0.01,,,
0,0,,,
0,0,,,
0,0.01,,,
0,0,,,
0,0,,,
0,0,,,
0,0,,,
0,-0.01,,,
0,0,,,
0,0,,,
0,0.01,,,
0,0,,,
0,0,,,
0,0,,,
0,0,,,
0,0,,,
0,0.01,,,
0,0,,,
0,0.01,,,
0,0,,,
0,0.01,,,
0,0,,,
0,0,,,
0,0,,,
0,0.01,,,
0,0.01,,,
0,0.01,,,
0,0,,,
0,0,,,
0,0,,,
0,0.01,,,
0,0,,,
0,0.01,,,
0,0.01,,,
0,0.01,,,
0,0.01,,,
0,0.01,,,
0,0.01,,,
0,0.01,,,
0,0.01,,,
0,0.03,,,
0,0,,,
0,0.02,,,
0,0.01,,,
0,0.01,,,
0,0.01,,,
0,0.01,,,
0,0.01,,,
0,0.01,,,
0,0.01,,,
0,0,,,
0,0.01,,,
0,0.01,,,
0,0.02,,,
0,0.01,,,
0,0.02,,,
0,0,,,
0,0.01,,,
0,0.01,,,
0,0.01,,,
0,0.01,,,
0,0.01,,,
0,0,,,
0,0.01,,,
0,0,,,
0,-0.01,,,
0,0,,,
0,0.02,,,
0,0.01,,,
0,0.01,,,
0,0.01,,,
0,0,,,
0,-0.01,,,
0,0.01,,,
0,0,,,
0,0.01,,,
0,0.01,,,
0,0,,,
0,0.01,,,
0,0.01,,,
0,0.01,,,
0,0,,,
0,0.01,,,
0,-0.01,,,
0,0.01,,,
0,0,,,
0,-0.01,,,
0,0,,,
0,0.01,,,
0,0.01,,,
0,0,,,
0,0.01,,,
1,0.01,,,
1,0.01,,,
1,0.01,,,
1,0.01,,,
1,0.01,,,
1,0.01,,,
1,0,,,
1,0.01,,,
1,0.01,,,
1,0,,,
1,-0.02,,,
1,0,,,
1,0,,,
1,0,,,
1,-0.01,,,
1,0,,,
1,0.01,,,
1,0.01,,,
1,0.01,,,
1,0,,,
1,0,,,
1,0,,,
1,0,,,
1,0.02,,,
1,0,,,
1,0.01,,,
1,0,,,
1,0.01,,,
1,0.01,,,
1,0,,,
1,0,,,
1,0.01,,,
1,0,,,
1,0,,,
1,-0.01,,,
1,-0.01,,,
1,0.01,,,
1,0,,,
1,0.01,,,
1,0,,,
1,0.01,,,
1,0.01,,,
1,0,,,
1,0,,,
1,-0.01,,,
1,0,,,
1,-0.01,,,
1,-0.01,,,
1,0.01,,,
1,0,,,
1,0,,,
1,-0.01,,,
1,0,,,
1,-0.01,,,
1,0,,,
1,0.01,,,
1,0,,,
1,0,,,
1,0,,,
1,0.01,,,
1,-0.01,,,
1,0.01,,,
1,0.02,,,
1,0,,,
1,0.03,,,
1,0.01,,,
1,0.01,,,
1,0.01,,,
1,0,,,
1,0,,,
1,0,,,
1,0,,,
1,-0.01,,,
1,0,,,
1,-0.01,,,
1,0,,,
1,0,,,
1,-0.01,,,
1,0,,,
1,0,,,
1,0,,,
1,0.02,,,
1,-0.02,,,
1,-0.03,,,
1,0.01,,,
1,0,,,
1,0,,,
1,-0.02,,,
1,0,,,
1,0,,,
1,0,,,
1,0.01,,,
1,0.01,,,
1,-0.01,,,
1,-0.01,,,
1,0,,,
1,-0.01,,,
1,0.01,,,
1,0,,,
1,-0.01,,,
1,-0.02,,,
1,0.02,,,
1,0,,,
1,0,,,
1,0,,,
1,0,,,
1,0.01,,,
1,0,,,
1,0.01,,,
1,0.01,,,
1,0,,,
2,0.01,,,
2,0,,,
2,0,,,
2,0,,,
2,-0.01,,,
2,0,,,
2,0,,,
2,0.01,,,
2,-0.02,,,
2,-0.01,,,
2,-0.01,,,
2,0.01,,,
2,-0.01,,,
2,-0.01,,,
2,0,,,
2,0,,,
2,0,,,
2,-0.01,,,
2,0,,,
2,0.01,,,
2,0,,,
2,0.01,,,
2,0,,,
2,-0.01,,,
2,0,,,
2,-0.01,,,
2,0,,,
2,-0.01,,,
2,0.01,,,
2,0,,,
2,0.01,,,
2,0,,,
2,0,,,
2,0.01,,,
2,0,,,
2,0,,,
2,0,,,
2,0,,,
2,0,,,
2,0,,,
2,0.01,,,
2,0,,,
2,0,,,
2,0,,,
2,0,,,
2,0,,,
2,0,,,
2,0,,,
2,-0.01,,,
2,0,,,
2,-0.02,,,
2,-0.01,,,
2,-0.01,,,
2,-0.01,,,
2,0,,,
2,0,,,
2,0,,,
2,-0.01,,,
2,-0.01,,,
2,0,,,
2,-0.01,,,
2,0,,,
2,0,,,
2,-0.01,,,
2,0,,,
2,-0.01,,,
2,-0.01,,,
2,0,,,
2,0,,,
2,0,,,
2,0,,,
2,0.01,,,
2,-0.01,,,
2,0,,,
2,-0.01,,,
2,-0.01,,,
2,-0.01,,,
2,0,,,
2,0,,,
2,0,,,
2,0,,,
2,-0.02,,,
2,-0.01,,,
2,-0.01,,,
2,0,,,
2,0,,,
2,-0.01,,,
2,0,,,
2,-0.01,,,
2,0,,,
2,0,,,
2,-0.01,,,
2,-0.01,,,
2,0,,,
2,0,,,
2,0,,,
2,0,,,
2,-0.01,,,
2,0,,,
2,0,,,
2,0.01,,,
2,0,,,
2,0,,,
2,0,,,
2,0,,,
2,-0.01,,,
2,0,,,
2,-0.01,,,
2,0,,,
2,0.01,,,
2,0,,,
2,0,,,
2,-0.01,,,
3,0,,,
3,0,,,
3,-0.01,,,
3,0,,,
3,0,,,
3,-0.01,,,
3,0,,,
3,0,,,
3,0.01,,,
3,0.01,,,
3,0,,,
3,-0.01,,,
3,0.01,,,
3,0,,,
3,0,,,
3,-0.01,,,
3,0,,,
3,0,,,
3,0.01,,,
3,0,,,
3,-0.01,,,
3,0,,,
3,-0.01,,,
3,-0.01,,,
3,-0.01,,,
3,0.01,,,
3,-0.01,,,
3,0,,,
3,0,,,
3,-0.01,,,
3,-0.01,,,
3,0,,,
3,-0.01,,,
3,0,,,
3,0,,,
3,0,,,
3,0,,,
3,0,,,
3,-0.01,,,
3,-0.01,,,
3,-0.01,,,
3,0,,,
3,-0.01,,,
3,0,,,
3,0,,,
3,0,,,
3,0,,,
3,-0.01,,,
3,-0.01,,,
3,0,,,
3,0,,,
3,-0.01,,,
3,0,,,
3,0.01,,,
3,-0.01,,,
3,-0.01,,,
3,0,,,
3,0,,,
3,0,,,
3,0,,,
3,-0.01,,,
3,-0.01,,,
3,-0.01,,,
3,0,,,
3,-0.01,,,
3,-0.01,,,
3,-0.01,,,
3,0,,,
3,0,,,
3,-0.01,,,
3,-0.01,,,
3,0,,,
3,0,,,
3,-0.01,,,
3,0,,,
3,0,,,
3,-0.01,,,
3,0,,,
3,0,,,
3,-0.01,,,
3,-0.01,,,
3,-0.01,,,
3,-0.01,,,
3,-0.01,,,
3,-0.01,,,
3,-0.01,,,
3,-0.01,,,
3,-0.02,,,
3,-0.01,,,
3,-0.01,,,
3,-0.01,,,
3,-0.01,,,
3,-0.01,,,
3,-0.01,,,
3,-0.01,,,
3,-0.01,,,
3,-0.02,,,
3,-0.02,,,
3,-0.01,,,
3,-0.01,,,
3,-0.01,,,
3,-0.01,,,
3,-0.01,,,
3,0,,,
3,0,,,
3,0,,,
3,-0.01,,,
3,-0.02,,,
3,-0.01,,,
3,0,,,
3,-0.01,,,
3,-0.02,,,
3,-0.01,,,
4,0,,,
4,-0.01,,,
4,-0.01,,,
4,0,,,
4,-0.02,,,
4,-0.01,,,
4,-0.01,,,
4,-0.01,,,
4,-0.01,,,
4,-0.02,,,
4,-0.01,,,
4,0,,,
4,0,,,
4,-0.01,,,
4,0,,,
4,0,,,
4,0,,,
4,-0.01,,,
4,0,,,
4,0,,,
4,-0.01,,,
4,-0.01,,,
4,-0.02,,,
4,0,,,
4,-0.01,,,
4,0.01,,,
4,0.02,,,
4,0.03,,,
4,0.03,,,
4,0.06,,,
4,0.01,,,
4,0.07,,,
4,0.03,,,
4,-0.01,,,
4,-0.02,,,
4,-0.05,,,
4,-0.03,,,
4,-0.02,,,
4,0.02,,,
4,0.01,,,
4,0.02,,,
4,0.03,,,
4,0.08,,,
4,0.06,,,
4,0.05,,,
4,0.04,,,
4,0.06,,,
4,0.07,,,
4,0.06,,,
4,0.06,,,
4,0.04,,,
4,0.04,,,
4,0.03,,,
4,0.03,,,
4,0.02,,,
4,0.02,,,
4,0.02,,,
4,-0.01,,,
4,-0.03,,,
4,-0.05,,,
4,-0.05,,,
4,-0.05,,,
4,-0.05,,,
4,-0.04,,,
4,-0.04,,,
4,-0.04,,,
4,-0.05,,,
4,-0.03,,,
4,-0.05,,,
4,-0.03,,,
4,-0.04,,,
4,-0.04,,,
4,-0.09,,,
4,-0.1,,,
4,-0.09,,,
4,-0.09,,,
4,-0.08,,,
4,-0.11,,,
4,-0.12,,,
4,-0.13,,,
4,-0.12,,,
4,-0.12,,,
4,-0.13,,,
4,-0.1,,,
4,-0.06,,,
4,-0.06,,,
4,-0.08,,,
4,-0.04,,,
4,-0.02,,,
4,-0.03,,,
4,-0.03,,,
4,-0.11,,,
4,-0.15,,,
4,-0.15,,,
4,-0.1,,,
4,0.36,,,
4,-0.01,,,
4,-0.04,,,
4,-0.05,,,
4,-0.03,,,
4,0.01,,,
4,0.05,,,
4,0.03,,,
4,0.02,,,
4,-0.02,,,
4,-0.09,,,
4,-0.15,,,
4,-0.17,,,
4,-0.15,,,
4,-0.15,,,
4,-0.17,,,
4,-0.15,,,
5,-0.17,,,
5,-0.14,,,
5,-0.11,,,
5,-0.18,,,
5,-0.13,,,
5,-0.09,,,
5,-0.06,,,
5,-0.08,,,
5,-0.05,,,
5,0.01,,,
5,0.02,,,
5,0,,,
5,0.01,,,
5,-0.03,,,
5,-0.03,,,
5,-0.02,,,
5,0.01,,,
5,0.03,,,
5,0.03,,,
5,0.03,,,
5,0.05,,,
5,0.06,,,
5,0.09,,,
5,0.08,,,
5,0.05,,,
5,0.06,,,
5,0.16,,,
5,0.18,,,
5,0.16,,,
5,0.13,,,
5,0.09,,,
5,0.16,,,
5,0.28,,,
5,0.35,,,
5,0.3,,,
5,0.25,,,
5,0.31,,,
5,0.25,,,
5,0.17,,,
5,0.19,,,
5,0.26,,,
5,0.12,,,
5,0.45,,,
5,0.43,,,
5,0.45,,,
5,0.52,,,
5,0.58,,,
5,0.33,,,
5,0.21,,,
5,0.36,,,
5,0.49,,,
5,0.63,,,
5,0.59,,,
5,0.72,,,
5,0.58,,,
5,0.63,,,
5,0.74,,,
5,0.78,,,
5,0.76,,,
5,0.75,,,
5,0.71,,,
5,0.82,,,
5,1.03,,,
5,1.23,,,
5,0.95,,,
5,0.71,,,
5,0.76,,,
5,0.34,,,
5,0.15,,,
5,-0.02,,,
5,0.01,,,
5,0.2,,,
5,0.18,,,
5,-0.03,,,
5,-0.01,,,
5,-0.03,,,
5,0.02,,,
5,0.05,,,
5,0.26,,,
5,-0.01,,,
5,0.73,,,
5,0.27,,,
5,0.37,,,
5,0.45,,,
5,0.8,,,
5,0.61,,,
5,0.49,,,
5,0.4,,,
5,0.38,,,
5,0.23,,,
5,0.17,,,
5,0.18,,,
5,0.14,,,
5,0.14,,,
5,0.12,,,
5,0.14,,,
5,0.17,,,
5,0.17,,,
5,0.15,,,
5,0.19,,,
5,0.28,,,
5,0.27,,,
5,0.31,,,
5,0.28,,,
5,0.35,,,
5,0.31,,,
5,0.38,,,
5,0.45,,,
5,0.45,,,
5,0.43,,,
5,0.36,,,
5,0.31,,,
5,0.31,,,
6,0.34,,,
6,0.4,,,
6,0.38,,,
6,0.41,,,
6,0.41,,,
6,0.55,,,
6,0.58,,,
6,0.57,,,
6,0.56,,,
6,0.59,,,
6,0.59,,,
6,0.57,,,
6,0.57,,,
6,0.52,,,
6,0.5,,,
6,0.55,,,
6,0.59,,,
6,0.68,,,
6,0.77,,,
6,0.7,,,
6,0.64,,,
6,0.68,,,
6,0.86,,,
6,0.87,,,
6,0.83,,,
6,0.92,,,
6,0.86,,,
6,0.84,,,
6,0.83,,,
6,0.78,,,
6,0.76,,,
6,0.71,,,
6,0.65,,,
6,0.63,,,
6,0.55,,,
6,0.47,,,
6,0.5,,,
6,0.44,,,
6,0.35,,,
6,0.38,,,
6,0.38,,,
6,0.26,,,
6,0.35,,,
6,0.4,,,
6,0.38,,,
6,0.52,,,
6,0.57,,,
6,0.63,,,
6,0.77,,,
6,0.65,,,
6,0.71,,,
6,0.55,,,
6,0.5,,,
6,0.41,,,
6,0.38,,,
6,0.32,,,
6,0.23,,,
6,0.18,,,
6,0.17,,,
6,0.13,,,
6,0.17,,,
6,0.22,,,
6,0.18,,,
6,0.26,,,
6,0.22,,,
6,0.29,,,
6,0.21,,,
6,0.25,,,
6,0.21,,,
6,0.28,,,
6,0.27,,,
6,0.44,,,
6,0.46,,,
6,0.59,,,
6,0.5,,,
6,0.71,,,
6,0.78,,,
6,0.97,,,
6,1.09,,,
6,1.2,,,
6,1.28,,,
6,1.14,,,
6,1.19,,,
6,1.37,,,
6,1.4,,,
6,1.6,,,
6,1.54,,,
6,1.38,,,
6,1.56,,,
6,1.19,,,
6,1.31,,,
6,1.45,,,
6,1.1,,,
6,1.57,,,
6,1.43,,,
6,0.93,,,
6,1.22,,,
6,1.37,,,
6,1.42,,,
6,1.19,,,
6,1.18,,,
6,1.06,,,
6,1.11,,,
6,0.94,,,
6,0.83,,,
6,0.75,,,
6,0.79,,,
6,0.71,,,
6,0.75,,,
6,0.74,,,
6,0.65,,,
6,0.64,,,
6,0.53,,,
7,0.52,,,
7,0.43,,,
7,0.39,,,
7,0.29,,,
7,0.41,,,
7,0.38,,,
7,0.36,,,
7,0.3,,,
7,0.38,,,
7,0.38,,,
7,0.38,,,
7,0.34,,,
7,0.38,,,
7,0.38,,,
7,0.45,,,
7,0.42,,,
7,0.36,,,
7,0.3,,,
7,0.29,,,
7,0.31,,,
7,0.29,,,
7,0.19,,,
7,0.32,,,
7,0.29,,,
7,0.3,,,
7,0.33,,,
7,0.39,,,
7,0.36,,,
7,0.34,,,
7,0.37,,,
7,0.35,,,
7,0.36,,,
7,0.41,,,
7,0.42,,,
7,0.39,,,
7,0.43,,,
7,0.48,,,
7,0.44,,,
7,0.44,,,
7,0.48,,,
7,0.49,,,
7,0.53,,,
7,0.58,,,
7,0.61,,,
7,0.62,,,
7,0.65,,,
7,0.59,,,
7,0.6,,,
7,0.5,,,
7,0.61,,,
7,0.55,,,
7,0.51,,,
7,0.59,,,
7,0.55,,,
7,0.64,,,
7,0.63,,,
7,0.57,,,
7,0.58,,,
7,0.54,,,
7,0.54,,,
7,0.53,,,
7,0.47,,,
7,0.44,,,
7,0.45,,,
7,0.42,,,
7,0.43,,,
7,0.51,,,
7,0.47,,,
7,0.44,,,
7,0.46,,,
7,0.49,,,
7,0.52,,,
7,0.49,,,
7,0.46,,,
7,0.43,,,
7,0.43,,,
7,0.44,,,
7,0.47,,,
7,0.47,,,
7,0.5,,,
7,0.51,,,
7,0.53,,,
7,0.55,,,
7,0.56,,,
7,0.54,,,
7,0.48,,,
7,0.44,,,
7,0.42,,,
7,0.43,,,
7,0.44,,,
7,0.47,,,
7,0.48,,,
7,0.5,,,
7,0.51,,,
7,0.54,,,
7,0.57,,,
7,0.61,,,
7,0.67,,,
7,0.72,,,
7,0.73,,,
7,0.73,,,
7,0.71,,,
7,0.61,,,
7,0.5,,,
7,0.42,,,
7,0.39,,,
7,0.4,,,
7,0.42,,,
7,0.44,,,
7,0.45,,,
7,0.43,,,
7,0.39,,,
7,0.34,,,
8,0.3,,,
8,0.29,,,
8,0.3,,,
8,0.34,,,
8,0.35,,,
8,0.36,,,
8,0.38,,,
8,0.37,,,
8,0.31,,,
8,0.26,,,
8,0.23,,,
8,0.26,,,
8,0.26,,,
8,0.21,,,
8,0.16,,,
8,0.21,,,
8,0.23,,,
8,0.22,,,
8,0.16,,,
8,0.11,,,
8,0.03,,,
8,0.01,,,
8,0.03,,,
8,0.09,,,
8,0.14,,,
8,0.16,,,
8,0.15,,,
8,0.14,,,
8,0.14,,,
8,0.12,,,
8,0.11,,,
8,0.09,,,
8,0.09,,,
8,0.08,,,
8,0.06,,,
8,0.04,,,
8,0.02,,,
8,0.04,,,
8,0.02,,,
8,0.01,,,
8,0,,,
8,0.01,,,
8,0.03,,,
8,0.05,,,
8,0.08,,,
8,0.08,,,
8,0.08,,,
8,0.08,,,
8,0.08,,,
8,0.07,,,
8,0.09,,,
8,0.09,,,
8,0.1,,,
8,0.11,,,
8,0.11,,,
8,0.12,,,
8,0.14,,,
8,0.15,,,
8,0.18,,,
8,0.19,,,
8,0.2,,,
8,0.21,,,
8,0.23,,,
8,0.23,,,
8,0.25,,,
8,0.28,,,
8,0.33,,,
8,0.37,,,
8,0.36,,,
8,0.39,,,
8,0.38,,,
8,0.41,,,
8,0.42,,,
8,0.45,,,
8,0.48,,,
8,0.5,,,
8,0.53,,,
8,0.61,,,
8,0.61,,,
8,0.65,,,
8,0.67,,,
8,0.7,,,
8,0.75,,,
8,0.85,,,
8,0.88,,,
8,0.94,,,
8,1.03,,,
8,1.06,,,
8,1.08,,,
8,1.08,,,
8,1.08,,,
8,1.06,,,
8,1.06,,,
8,1.07,,,
8,1.07,,,
8,1.07,,,
8,1.1,,,
8,1.16,,,
8,1.24,,,
8,1.31,,,
8,1.37,,,
8,1.43,,,
8,1.48,,,
8,1.49,,,
8,1.5,,,
8,1.48,,,
8,1.47,,,
8,1.49,,,
8,1.53,,,
8,1.57,,,
8,1.63,,,
8,1.71,,,
8,1.72,,,
9,1.71,,,
9,1.67,,,
9,1.63,,,
9,1.53,,,
9,1.38,,,
9,1.26,,,
9,1.2,,,
9,1.24,,,
9,1.32,,,
9,1.36,,,
9,1.4,,,
9,1.43,,,
9,1.45,,,
9,1.43,,,
9,1.4,,,
9,1.41,,,
9,1.45,,,
9,1.49,,,
9,1.57,,,
9,1.6,,,
9,1.6,,,
9,1.59,,,
9,1.58,,,
9,1.58,,,
9,1.59,,,
9,1.63,,,
9,1.66,,,
9,1.67,,,
9,1.7,,,
9,1.69,,,
9,1.69,,,
9,1.66,,,
9,1.61,,,
9,1.58,,,
9,1.56,,,
9,1.56,,,
9,1.55,,,
9,1.53,,,
9,1.52,,,
9,1.49,,,
9,1.46,,,
9,1.45,,,
9,1.4,,,
9,1.36,,,
9,1.31,,,
9,1.29,,,
9,1.28,,,
9,1.28,,,
9,1.26,,,
9,1.27,,,
9,1.27,,,
9,1.27,,,
9,1.27,,,
9,1.23,,,
9,1.15,,,
9,1.08,,,
9,0.98,,,
9,0.91,,,
9,0.86,,,
9,0.88,,,
9,0.92,,,
9,0.95,,,
9,0.95,,,
9,0.9,,,
9,0.85,,,
9,0.82,,,
9,0.83,,,
9,0.85,,,
9,0.81,,,
9,0.8,,,
9,0.8,,,
9,0.84,,,
9,0.87,,,
9,0.9,,,
9,0.91,,,
9,0.93,,,
9,0.89,,,
9,0.89,,,
9,0.89,,,
9,0.9,,,
9,0.92,,,
9,0.93,,,
9,0.94,,,
9,0.95,,,
9,0.96,,,
9,0.97,,,
9,0.98,,,
9,0.95,,,
9,0.93,,,
9,0.92,,,
9,0.92,,,
9,0.91,,,
9,0.97,,,
9,1.03,,,
9,1.09,,,
9,1.16,,,
9,1.18,,,
9,1.22,,,
9,1.18,,,
9,1.06,,,
9,0.78,,,
9,0.59,,,
9,0.51,,,
9,0.55,,,
9,0.58,,,
9,0.7,,,
9,0.63,,,
9,0.73,,,
9,0.74,,,
9,0.8,,,
9,0.65,,,
9,0.59,,,
9,0.6,,,
10,0.54,,,
10,0.48,,,
10,0.59,,,
10,0.6,,,
10,0.56,,,
10,0.57,,,
10,0.55,,,
10,0.54,,,
10,0.5,,,
10,0.48,,,
10,0.47,,,
10,0.45,,,
10,0.49,,,
10,0.55,,,
10,0.6,,,
10,0.61,,,
10,0.49,,,
10,0.4,,,
10,0.35,,,
10,0.35,,,
10,0.36,,,
10,0.46,,,
10,0.6,,,
10,0.68,,,
10,0.75,,,
10,0.69,,,
10,0.64,,,
10,0.65,,,
10,0.74,,,
10,0.86,,,
10,1.05,,,
10,1.34,,,
10,1.35,,,
10,1.37,,,
10,1.37,,,
10,1.51,,,
10,1.62,,,
10,1.54,,,
10,1.43,,,
10,1.41,,,
10,1.38,,,
10,1.44,,,
10,1.36,,,
10,1.3,,,
10,1.31,,,
10,1.25,,,
10,1.21,,,
10,1.18,,,
10,1.17,,,
10,1.17,,,
10,1.18,,,
10,1.17,,,
10,1.16,,,
10,1.2,,,
10,1.19,,,
10,1.14,,,
10,1.11,,,
10,1.17,,,
10,1.2,,,
10,1.31,,,
10,1.42,,,
10,1.38,,,
10,1.39,,,
10,1.29,,,
10,0.98,,,
10,0.8,,,
10,0.74,,,
10,0.69,,,
10,0.56,,,
10,0.35,,,
10,0.23,,,
10,0.33,,,
10,0.47,,,
10,0.62,,,
10,0.91,,,
10,1.25,,,
10,1.5,,,
10,1.65,,,
10,1.76,,,
10,1.87,,,
10,1.96,,,
10,2.03,,,
10,2.15,,,
10,2.25,,,
10,2.37,,,
10,2.46,,,
10,2.6,,,
10,2.67,,,
10,2.8,,,
10,2.96,,,
10,3.18,,,
10,3.35,,,
10,3.56,,,
10,3.78,,,
10,3.95,,,
10,4.1,,,
10,4.18,,,
10,4.23,,,
10,4.22,,,
10,4.26,,,
10,4.33,,,
10,4.34,,,
10,4.33,,,
10,4.34,,,
10,4.33,,,
10,4.39,,,
10,4.48,,,
10,4.62,,,
10,4.8,,,
10,4.95,,,
11,5.12,,,
11,5.3,,,
11,5.51,,,
11,5.67,,,
11,5.84,,,
11,6.01,,,
11,6.18,,,
11,6.4,,,
11,6.62,,,
11,6.82,,,
11,6.96,,,
11,7.05,,,
11,7.05,,,
11,7.03,,,
11,7.02,,,
11,7.05,,,
11,7.12,,,
11,7.31,,,
11,7.48,,,
11,7.61,,,
11,7.72,,,
11,7.79,,,
11,7.88,,,
11,7.95,,,
11,8.05,,,
11,8.2,,,
11,8.32,,,
11,8.5,,,
11,8.66,,,
11,8.76,,,
11,8.82,,,
11,8.87,,,
11,8.99,,,
11,9.13,,,
11,9.23,,,
11,9.25,,,
11,9.21,,,
11,9.02,,,
11,8.88,,,
11,8.92,,,
11,9.09,,,
11,9.41,,,
11,9.6,,,
11,9.62,,,
11,9.5,,,
11,9.32,,,
11,9.22,,,
11,9.18,,,
11,9.21,,,
11,9.29,,,
11,9.27,,,
11,9.14,,,
11,8.94,,,
11,8.8,,,
11,8.78,,,
11,8.83,,,
11,8.9,,,
11,8.87,,,
11,8.71,,,
11,8.5,,,
11,8.27,,,
11,8.1,,,
11,7.97,,,
11,7.87,,,
11,7.82,,,
11,7.76,,,
11,7.7,,,
11,7.65,,,
11,7.66,,,
11,7.73,,,
11,7.77,,,
11,7.7,,,
11,7.53,,,
11,7.31,,,
11,7.14,,,
11,7.03,,,
11,7.02,,,
11,6.99,,,
11,6.95,,,
11,6.85,,,
11,6.79,,,
11,6.75,,,
11,6.69,,,
11,6.56,,,
11,6.41,,,
11,6.32,,,
11,6.32,,,
11,6.37,,,
11,6.41,,,
11,6.39,,,
11,6.35,,,
11,6.27,,,
11,6.18,,,
11,6.09,,,
11,6.03,,,
11,6,,,
11,6.02,,,
11,6.04,,,
11,6.05,,,
11,6.07,,,
11,6.12,,,
11,6.18,,,
11,6.27,,,
11,6.31,,,
11,6.28,,,
11,6.21,,,
11,6.19,,,
11,6.21,,,
11,6.28,,,
11,6.35,,,
11,6.43,,,
11,6.5,,,
11,6.63,,,
12,6.79,,,
12,7,,,
12,7.24,,,
12,7.41,,,
12,7.5,,,
12,7.61,,,
12,7.71,,,
12,7.73,,,
12,7.66,,,
12,7.61,,,
12,7.54,,,
12,7.45,,,
12,7.39,,,
12,7.33,,,
12,7.23,,,
12,7.15,,,
12,7.13,,,
12,7.13,,,
12,7.25,,,
12,7.48,,,
12,7.74,,,
12,7.96,,,
12,8.17,,,
12,8.32,,,
12,8.41,,,
12,8.44,,,
12,8.45,,,
12,8.42,,,
12,8.43,,,
12,8.45,,,
12,8.5,,,
12,8.54,,,
12,8.58,,,
12,8.61,,,
12,8.68,,,
12,8.79,,,
12,8.94,,,
12,9.11,,,
12,9.31,,,
12,9.53,,,
12,9.73,,,
12,9.95,,,
12,10.17,,,
12,10.38,,,
12,10.65,,,
12,11.05,,,
12,11.57,,,
12,12.15,,,
12,12.69,,,
12,13.16,,,
12,13.61,,,
12,13.98,,,
12,14.36,,,
12,14.6,,,
12,14.77,,,
12,14.94,,,
12,15.1,,,
12,15.36,,,
12,15.71,,,
12,16.19,,,
12,16.82,,,
12,17.62,,,
12,18.44,,,
12,19.1,,,
12,19.48,,,
12,19.69,,,
12,19.89,,,
12,20.19,,,
12,20.54,,,
12,20.95,,,
12,21.48,,,
12,22.04,,,
12,22.6,,,
12,23.11,,,
12,23.5,,,
12,23.9,,,
12,24.32,,,
12,24.89,,,
12,25.45,,,
12,25.93,,,
12,26.29,,,
12,26.52,,,
12,26.68,,,
12,26.76,,,
12,26.76,,,
12,26.74,,,
12,26.82,,,
12,26.91,,,
12,26.93,,,
12,26.95,,,
12,27.12,,,
12,27.39,,,
12,27.79,,,
12,28.24,,,
12,28.51,,,
12,28.64,,,
12,28.66,,,
12,28.61,,,
12,28.55,,,
12,28.43,,,
12,28.47,,,
12,28.66,,,
12,28.96,,,
12,29.34,,,
12,29.94,,,
12,30.56,,,
12,31.04,,,
12,31.53,,,
12,32.08,,,
12,32.54,,,
12,33.01,,,
12,33.46,,,
12,33.8,,,
13,34.02,,,
13,34.16,,,
13,34.19,,,
13,34.05,,,
13,33.72,,,
13,33.49,,,
13,33.58,,,
13,33.78,,,
13,33.78,,,
13,33.45,,,
13,32.91,,,
13,32.61,,,
13,32.48,,,
13,32.38,,,
13,32.32,,,
13,32.39,,,
13,32.32,,,
13,32.55,,,
13,32.26,,,
13,31.38,,,
13,30.54,,,
13,30.59,,,
13,31.81,,,
13,33.5,,,
13,34.37,,,
13,33.68,,,
13,32.46,,,
13,31.83,,,
13,31.55,,,
13,31.59,,,
13,31.33,,,
13,31.13,,,
13,31.05,,,
13,30.76,,,
13,30.7,,,
13,30.74,,,
13,31.29,,,
13,32.1,,,
13,32.88,,,
13,33.11,,,
13,32.69,,,
13,31.64,,,
13,30.34,,,
13,28.86,,,
13,28.27,,,
13,28.9,,,
13,30.12,,,
13,31.5,,,
13,32.28,,,
13,32.06,,,
13,31.13,,,
13,30.32,,,
13,30.4,,,
13,30.98,,,
13,31.46,,,
13,31.06,,,
13,30.55,,,
13,30.68,,,
13,31.67,,,
13,32.68,,,
13,32.88,,,
13,32.43,,,
13,32.12,,,
13,31.85,,,
13,31.82,,,
13,31.34,,,
13,30.62,,,
13,30.36,,,
13,30.57,,,
13,31.22,,,
13,31.51,,,
13,31.76,,,
13,31.67,,,
13,31.87,,,
13,31.76,,,
13,31.33,,,
13,30.43,,,
13,29.57,,,
13,29.12,,,
13,29.23,,,
13,29.96,,,
13,30.87,,,
13,31.17,,,
13,30.92,,,
13,31.14,,,
13,31.72,,,
13,32.27,,,
13,32.52,,,
13,32.63,,,
13,32.3,,,
13,32.54,,,
13,32.18,,,
13,30.88,,,
13,29.66,,,
13,28.36,,,
13,28.34,,,
13,28.77,,,
13,28.59,,,
13,28.5,,,
13,28.44,,,
13,28.83,,,
13,28.8,,,
13,28.25,,,
13,28.6,,,
13,30.38,,,
13,31.25,,,
13,31.38,,,
13,30.53,,,
13,29.58,,,
13,28.89,,,
13,28.73,,,
13,28,,,
13,27.08,,,
14,25.7,,,
14,24.77,,,
14,24.75,,,
14,24.91,,,
14,24.73,,,
14,24.98,,,
14,25.03,,,
14,24.28,,,
14,23.68,,,
14,24.08,,,
14,25.07,,,
14,25.26,,,
14,25.39,,,
14,26.09,,,
14,26.48,,,
14,25.87,,,
14,25.32,,,
14,25.01,,,
14,24.27,,,
14,23.42,,,
14,23.63,,,
14,24.88,,,
14,27.3,,,
14,28.87,,,
14,28.02,,,
14,28.44,,,
14,26.09,,,
14,27,,,
14,28.18,,,
14,29.18,,,
14,29.57,,,
14,28.55,,,
14,27.46,,,
14,26.25,,,
14,27.05,,,
14,27.63,,,
14,27.15,,,
14,26.58,,,
14,26.83,,,
14,27.54,,,
14,27.8,,,
14,27.71,,,
14,29.41,,,
14,28.52,,,
14,29.46,,,
14,28.57,,,
14,27.99,,,
14,27.78,,,
14,28.56,,,
14,29.63,,,
14,29.3,,,
14,28.49,,,
14,28.48,,,
14,28.4,,,
14,28.15,,,
14,28.09,,,
14,28.29,,,
14,28.71,,,
14,29.22,,,
14,28.79,,,
14,28.13,,,
14,28.79,,,
14,28.79,,,
14,28.94,,,
14,29.46,,,
14,29.66,,,
14,30.26,,,
14,30.33,,,
14,30.41,,,
14,29.05,,,
14,28.96,,,
14,27.96,,,
14,27.79,,,
14,26.66,,,
14,26.57,,,
14,26.66,,,
14,27.5,,,
14,28.28,,,
14,27.68,,,
14,27.55,,,
14,26.36,,,
14,26.55,,,
14,27.1,,,
14,27.3,,,
14,29.72,,,
14,29.93,,,
14,30.03,,,
14,28.47,,,
14,27.43,,,
14,30.62,,,
14,31.12,,,
14,29.95,,,
14,27.38,,,
14,26.07,,,
14,24.96,,,
14,24.92,,,
14,25.2,,,
14,25.58,,,
14,26.94,,,
14,26.24,,,
14,24.95,,,
14,26,,,
14,25.84,,,
14,27.67,,,
14,28.63,,,
14,29.53,,,
14,27.96,,,
14,27.3,,,
14,25.72,,,
14,24.99,,,
14,23.7,,,
14,22.5,,,
14,22.02,,,
15,21.98,,,
15,22.09,,,
15,22.83,,,
15,22.03,,,
15,22.03,,,
15,22.75,,,
15,23.6,,,
15,24.73,,,
15,24.62,,,
15,24.91,,,
15,24.64,,,
15,24.87,,,
15,24.57,,,
15,24.13,,,
15,23.75,,,
15,24.07,,,
15,24.45,,,
15,23.95,,,
15,23.1,,,
15,22.88,,,
15,22.78,,,
15,23.33,,,
15,22.95,,,
15,22.33,,,
15,22.26,,,
15,23.1,,,
15,23.1,,,
15,23.64,,,
15,23.91,,,
15,23.91,,,
15,23.82,,,
15,24.66,,,
15,25.7,,,
15,25.64,,,
15,23.63,,,
15,21.98,,,
15,21.4,,,
15,21.71,,,
15,22.58,,,
15,23.11,,,
15,23.78,,,
15,22.68,,,
15,23.1,,,
15,24.32,,,
15,25.08,,,
15,25.99,,,
15,25.63,,,
15,25.73,,,
15,25.07,,,
15,24.08,,,
15,23.62,,,
15,23.58,,,
15,23.85,,,
15,23.77,,,
15,22.5,,,
15,21.83,,,
15,22.42,,,
15,21.73,,,
15,22.5,,,
15,23.99,,,
15,25.01,,,
15,26.4,,,
15,25.36,,,
15,23.72,,,
15,24.36,,,
15,25.92,,,
15,26.82,,,
15,24.83,,,
15,23.25,,,
15,22.09,,,
15,21.37,,,
15,20.25,,,
15,19.93,,,
15,19.82,,,
15,20.92,,,
15,21.59,,,
15,24.09,,,
15,25.34,,,
15,24.97,,,
15,24.89,,,
15,24.36,,,
15,23.32,,,
15,22.41,,,
15,24.27,,,
15,24.16,,,
15,22.65,,,
15,20.84,,,
15,19.51,,,
15,19.8,,,
15,20.39,,,
15,20.35,,,
15,21.66,,,
15,21.61,,,
15,23.48,,,
15,22.52,,,
15,22.02,,,
15,21.64,,,
15,21.79,,,
15,22.81,,,
15,23.29,,,
15,23.01,,,
15,22.32,,,
15,21.24,,,
15,20.59,,,
15,20.25,,,
15,20.25,,,
15,20.07,,,
15,20.13,,,
15,21.02,,,
15,22.51,,,
15,22.54,,,
15,22.36,,,
15,22.1,,,
16,22.16,,,
16,23.06,,,
16,22.87,,,
16,22.52,,,
16,21.57,,,
16,22.01,,,
16,22.15,,,
16,22.76,,,
16,22.83,,,
16,23.48,,,
16,24.37,,,
16,24.48,,,
16,23.89,,,
16,22.59,,,
16,22.45,,,
16,21.64,,,
16,20.67,,,
16,20.69,,,
16,20.14,,,
16,19.19,,,
16,19.5,,,
16,20.95,,,
16,21.51,,,
16,21.14,,,
16,21.52,,,
16,22.44,,,
16,23.22,,,
16,22.69,,,
16,22.88,,,
16,22.09,,,
16,22.36,,,
16,22.75,,,
16,23.63,,,
16,23.61,,,
16,22.73,,,
16,22.11,,,
16,22.38,,,
16,22.73,,,
16,20.27,,,
16,20.36,,,
16,21.35,,,
16,22.71,,,
16,24.09,,,
16,24.4,,,
16,24.15,,,
16,24.54,,,
16,24.15,,,
16,25.04,,,
16,24.18,,,
16,23.49,,,
16,23.06,,,
16,22.9,,,
16,23.29,,,
16,22.87,,,
16,21.96,,,
16,22.62,,,
16,22.29,,,
16,22.35,,,
16,22.82,,,
16,22.54,,,
16,22.69,,,
16,24.19,,,
16,25.38,,,
16,25.58,,,
16,25.76,,,
16,25.48,,,
16,24.76,,,
16,24.44,,,
16,24.03,,,
16,23.61,,,
16,23.22,,,
16,22.83,,,
16,23.24,,,
16,23.76,,,
16,24.63,,,
16,25.77,,,
16,26.26,,,
16,26.24,,,
16,25.63,,,
16,25.31,,,
16,25.14,,,
16,25.1,,,
16,24.91,,,
16,24.89,,,
16,24.8,,,
16,25.21,,,
16,25.41,,,
16,25.25,,,
16,24.44,,,
16,23.39,,,
16,22.19,,,
16,21.25,,,
16,20.88,,,
16,20.47,,,
16,20.69,,,
16,20.11,,,
16,19.71,,,
16,20.28,,,
16,20.54,,,
16,21.37,,,
16,22.02,,,
16,22.49,,,
16,22.78,,,
16,23.1,,,
16,23.15,,,
16,22.21,,,
16,21.85,,,
16,21.57,,,
16,20.89,,,
16,20.94,,,
16,21.08,,,
16,21.29,,,
16,20.45,,,
17,20.65,,,
17,20.6,,,
17,21.47,,,
17,21.14,,,
17,22.39,,,
17,23.18,,,
17,23.05,,,
17,23.47,,,
17,23.39,,,
17,22.66,,,
17,22.19,,,
17,21.17,,,
17,20.39,,,
17,20,,,
17,19.71,,,
17,20.5,,,
17,21.56,,,
17,22.3,,,
17,21.79,,,
17,21.39,,,
17,20.55,,,
17,20.28,,,
17,20.42,,,
17,19.69,,,
17,19.35,,,
17,18.8,,,
17,18.66,,,
17,19.08,,,
17,19.57,,,
17,20.37,,,
17,20.78,,,
17,21.12,,,
17,21.41,,,
17,21.86,,,
17,22.25,,,
17,22.15,,,
17,21.75,,,
17,21.14,,,
17,20.65,,,
17,21.12,,,
17,21.08,,,
17,20.96,,,
17,20.84,,,
17,21.34,,,
17,21.41,,,
17,21.78,,,
17,22.33,,,
17,22.75,,,
17,23.33,,,
17,23.7,,,
17,23.23,,,
17,22.91,,,
17,23.18,,,
17,23.2,,,
17,23.43,,,
17,23.57,,,
17,23.73,,,
17,23.94,,,
17,24.1,,,
17,24.57,,,
17,24.62,,,
17,23.91,,,
17,23.63,,,
17,22.52,,Average Force,25.69582437
17,22.4,,Weight,280
17,22.62,,Coefficient,0.091770801
17,21.77,,,
17,21.29,,,
17,21.26,,,
17,21.56,,,
17,22.41,,,
17,23.03,,,
17,23.24,,,
17,22.72,,,
17,21.62,,,
17,21.55,,,
17,20.55,,,
17,19.9,,,
17,19.39,,,
17,18.97,,,
17,18.89,,,
17,18.51,,,
17,17.67,,,
17,17.37,,,
17,16.92,,,
17,16.34,,,
17,16.61,,,
17,17.93,,,
17,18.95,,,
17,18.92,,,
17,18.46,,,
17,17.86,,,
17,17.02,,,
17,16.51,,,
17,16.09,,,
17,16.09,,,
17,15.49,,,
17,14.93,,,
17,14.67,,,
17,14.36,,,
17,14.21,,,
17,14.41,,,
17,13.77,,,
17,13.44,,,
17,12.38,,,
17,11.95,,,
17,11.25,,,
17,10.34,,,
17,9.33,,,
17,8.57,,,
17,8.35,,,
17,8.12,,,
17,7.78,,,
18,7.6,,,
18,7.31,,,
18,6.93,,,
18,6.62,,,
18,6.12,,,
18,5.61,,,
18,5.1,,,
18,4.63,,,
18,4.06,,,
18,3.55,,,
18,3.07,,,
18,2.81,,,
18,2.68,,,
18,2.6,,,
18,2.68,,,
18,2.47,,,
18,3.27,,,
18,2.1,,,
18,2.46,,,
18,1.95,,,
18,1.87,,,
18,1.88,,,
18,1.71,,,
18,1.65,,,
18,1.5,,,
18,1.57,,,
18,1.26,,,
18,1.15,,,
18,1.02,,,
18,1.31,,,
18,0.8,,,
18,1.16,,,
18,1.1,,,
18,1.01,,,
18,1,,,
18,1.09,,,
18,0.99,,,
18,0.87,,,
18,0.81,,,
18,0.94,,,
18,0.84,,,
18,0.61,,,
18,0.6,,,
18,0.54,,,
18,0.56,,,
18,0.57,,,
18,0.56,,,
18,0.52,,,
18,0.55,,,
18,0.52,,,
18,0.52,,,
18,0.56,,,
18,0.48,,,
18,0.65,,,
18,0.59,,,
18,0.37,,,
18,0.72,,,
18,0.65,,,
18,0.59,,,
18,0.67,,,
18,0.73,,,
18,0.78,,,
18,0.7,,,
18,0.86,,,
18,0.55,,,
18,0.55,,,
18,0.6,,,
18,0.55,,,
18,0.62,,,
18,0.55,,,
18,0.51,,,
18,0.49,,,
18,0.42,,,
18,0.35,,,
18,0.36,,,
18,0.29,,,
18,0.31,,,
18,0.32,,,
18,0.33,,,
18,0.32,,,
18,0.34,,,
18,0.36,,,
18,0.37,,,
18,0.37,,,
18,0.36,,,
18,0.36,,,
18,0.36,,,
18,0.38,,,
18,0.34,,,
18,0.33,,,
18,0.33,,,
18,0.35,,,
18,0.3,,,
18,0.28,,,
18,0.27,,,
18,0.35,,,
18,0.29,,,
18,0.32,,,
18,0.35,,,
18,0.3,,,
18,0.29,,,
18,0.33,,,
18,0.32,,,
18,0.29,,,
18,0.27,,,
18,0.21,,,
18,0.17,,,
18,0.14,,,
18,0.09,,,
18,0.02,,,
18,-0.02,,,
18,-0.04,,,
18,-0.07,,,
19,-0.08,,,
19,-0.09,,,
19,-0.09,,,
19,-0.1,,,
19,-0.07,,,
19,-0.09,,,
19,-0.03,,,
19,0,,,
19,0.02,,,
19,-0.01,,,
19,-0.08,,,
19,-0.09,,,
19,-0.11,,,
19,-0.05,,,
19,-0.07,,,
19,-0.08,,,
19,-0.08,,,
19,-0.06,,,
19,0,,,
19,0,,,
19,-0.01,,,
19,-0.03,,,
19,-0.02,,,
19,-0.02,,,
19,-0.04,,,
19,-0.04,,,
19,-0.03,,,
19,0.03,,,
19,0.04,,,
19,0.02,,,
19,0.02,,,
19,0.04,,,
19,0.01,,,
19,-0.02,,,
19,-0.08,,,
19,-0.1,,,
19,-0.07,,,
19,-0.11,,,
19,-0.05,,,
19,-0.09,,,
19,-0.06,,,
19,-0.08,,,
19,-0.07,,,
19,-0.05,,,
19,-0.05,,,
19,-0.07,,,
19,-0.07,,,
19,-0.08,,,
19,-0.09,,,
19,-0.09,,,
19,-0.08,,,
19,-0.06,,,
19,-0.06,,,
19,-0.05,,,
19,-0.05,,,
19,-0.05,,,
19,-0.06,,,
19,-0.07,,,
19,-0.08,,,
19,-0.07,,,
19,-0.08,,,
19,-0.07,,,
19,-0.07,,,
19,-0.07,,,
19,-0.08,,,
19,-0.05,,,
19,-0.06,,,
19,-0.04,,,
19,-0.05,,,
19,-0.03,,,
19,-0.05,,,
19,-0.05,,,
19,-0.03,,,
19,-0.05,,,
19,-0.03,,,
19,-0.05,,,
19,-0.07,,,
19,-0.04,,,
19,-0.06,,,
19,-0.05,,,
19,-0.07,,,
19,-0.07,,,
19,-0.08,,,
19,-0.06,,,
19,-0.07,,,
19,-0.07,,,
19,-0.08,,,
19,-0.08,,,
19,-0.11,,,
19,-0.08,,,
19,-0.11,,,
19,-0.12,,,
19,-0.1,,,
19,-0.11,,,
19,-0.1,,,
19,-0.08,,,
19,-0.09,,,
19,-0.09,,,
19,-0.08,,,
19,-0.1,,,
19,-0.09,,,
19,-0.08,,,
19,-0.07,,,
19,-0.08,,,
19,-0.08,,,
19,-0.06,,,
19,-0.07,,,
19,-0.06,,,
19,-0.07,,,
19,-0.07,,,
19,-0.06,,,
19,-0.05,,,
19,-0.06,,,
20,-0.05,,,
20,-0.01,,,
20,-0.05,,,
20,-0.07,,,
20,-0.07,,,
20,-0.06,,,
20,-0.06,,,
20,-0.04,,,
20,-0.06,,,
20,-0.06,,,
20,-0.06,,,
20,-0.07,,,
20,-0.06,,,
20,-0.07,,,
20,-0.06,,,
20,-0.06,,,
20,-0.07,,,
20,-0.07,,,
20,-0.07,,,
20,-0.07,,,
20,-0.09,,,
20,-0.09,,,
20,-0.07,,,
20,-0.09,,,
20,-0.08,,,
20,-0.07,,,
20,-0.09,,,
20,-0.07,,,
20,-0.08,,,
20,-0.09,,,
20,-0.08,,,
20,-0.08,,,
20,-0.07,,,
20,-0.09,,,
20,-0.09,,,
20,-0.08,,,
20,-0.07,,,
20,-0.07,,,
20,-0.08,,,
20,-0.08,,,
20,-0.08,,,
20,-0.09,,,
20,-0.1,,,
20,-0.09,,,
20,-0.09,,,
20,-0.08,,,
20,-0.09,,,
20,-0.08,,,
20,-0.07,,,
20,-0.08,,,
20,-0.09,,,
20,-0.09,,,
20,-0.08,,,
20,-0.08,,,
20,-0.09,,,
20,-0.09,,,
20,-0.09,,,
20,-0.09,,,
20,-0.09,,,
20,-0.08,,,
20,-0.09,,,
20,-0.08,,,
20,-0.08,,,
20,-0.07,,,
20,-0.09,,,
20,-0.09,,,
20,-0.08,,,
20,-0.08,,,
20,-0.09,,,
20,-0.08,,,
20,-0.09,,,
20,-0.09,,,
20,-0.09,,,
20,-0.09,,,
20,-0.09,,,
20,-0.1,,,
20,-0.09,,,
20,-0.1,,,
20,-0.1,,,
20,-0.1,,,
20,-0.11,,,
20,-0.1,,,
20,-0.1,,,
20,-0.1,,,
20,-0.09,,,
20,-0.09,,,
20,-0.1,,,
20,-0.08,,,
20,-0.09,,,
20,-0.08,,,
20,-0.09,,,
20,-0.08,,,
20,-0.09,,,
20,-0.09,,,
20,-0.09,,,
20,-0.08,,,
20,-0.09,,,
20,-0.1,,,
20,-0.09,,,
20,-0.11,,,
20,-0.08,,,
20,-0.09,,,
20,-0.09,,,
20,-0.1,,,
20,-0.08,,,
20,-0.09,,,
20,-0.09,,,
20,-0.09,,,
20,-0.09,,,
20,-0.09,,,
20,-0.09,,,
20,-0.09,,,
20,-0.09,,,
21,-0.08,,,
21,-0.08,,,
21,-0.09,,,
21,-0.1,,,
21,-0.09,,,
21,-0.09,,,
21,-0.09,,,
21,-0.08,,,
21,-0.09,,,
21,-0.09,,,
21,-0.08,,,
21,-0.1,,,
21,-0.08,,,
21,-0.09,,,
21,-0.08,,,
21,-0.07,,,
21,-0.07,,,
21,-0.09,,,
21,-0.09,,,
21,-0.08,,,
21,-0.09,,,
21,-0.08,,,
21,-0.08,,,
21,-0.08,,,
21,-0.09,,,
21,-0.08,,,
21,-0.07,,,
21,-0.08,,,
21,-0.08,,,
21,-0.09,,,
21,-0.08,,,
21,-0.08,,,
21,-0.08,,,
21,-0.08,,,
21,-0.08,,,
21,-0.09,,,
21,-0.09,,,
21,-0.09,,,
21,-0.1,,,
21,-0.07,,,
21,-0.07,,,
21,-0.09,,,
21,-0.09,,,
21,-0.09,,,
21,-0.09,,,
21,-0.09,,,
21,-0.08,,,
21,-0.08,,,
21,-0.09,,,
21,-0.08,,,
21,-0.09,,,
21,-0.08,,,
21,-0.09,,,
21,-0.08,,,
21,-0.07,,,
21,-0.09,,,
21,-0.08,,,
21,-0.07,,,
21,-0.08,,,
21,-0.08,,,
21,-0.08,,,
21,-0.08,,,
21,-0.09,,,
21,-0.08,,,
21,-0.08,,,
21,-0.08,,,
21,-0.09,,,
21,-0.09,,,
21,-0.08,,,
21,-0.07,,,
21,-0.09,,,
21,-0.08,,,
21,-0.08,,,
21,-0.09,,,
21,-0.08,,,
21,-0.09,,,
21,-0.08,,,
21,-0.09,,,
21,-0.08,,,
21,-0.09,,,
21,-0.08,,,
21,-0.09,,,
21,-0.08,,,
21,-0.09,,,
21,-0.08,,,
21,-0.08,,,
21,-0.07,,,
21,-0.08,,,
21,-0.09,,,
21,-0.09,,,
21,-0.08,,,
21,-0.09,,,
21,-0.07,,,
21,-0.09,,,
21,-0.09,,,
21,-0.09,,,
21,-0.09,,,
21,-0.08,,,
21,-0.09,,,
21,-0.08,,,
21,-0.08,,,
21,-0.08,,,
21,-0.08,,,
21,-0.09,,,
21,-0.08,,,
21,-0.09,,,
21,-0.09,,,
21,-0.09,,,
21,-0.08,,,
21,-0.09,,,
21,-0.08,,,
21,-0.08,,,
21,-0.09,,,
22,-0.09,,,
22,-0.08,,,
22,-0.09,,,
22,-0.08,,,
22,-0.09,,,
22,-0.08,,,
22,-0.08,,,
22,-0.09,,,
22,-0.08,,,
22,-0.08,,,
22,-0.09,,,
22,-0.08,,,
22,-0.08,,,
22,-0.08,,,
22,-0.08,,,
22,-0.09,,,
22,-0.08,,,
22,-0.08,,,
22,-0.09,,,
22,-0.09,,,
22,-0.07,,,
22,-0.08,,,
22,-0.07,,,
22,-0.08,,,
22,-0.09,,,
22,-0.07,,,
22,-0.09,,,
22,-0.08,,,
22,-0.08,,,
22,-0.08,,,
22,-0.09,,,
22,-0.09,,,
22,-0.08,,,
22,-0.08,,,
22,-0.08,,,
22,-0.08,,,
22,-0.08,,,
22,-0.08,,,
22,-0.08,,,
22,-0.08,,,
22,-0.09,,,
22,-0.08,,,
22,-0.08,,,
22,-0.08,,,
22,-0.08,,,
22,-0.07,,,
22,-0.09,,,
22,-0.09,,,
22,-0.08,,,
22,-0.09,,,
22,-0.08,,,
22,-0.08,,,
22,-0.08,,,
22,-0.09,,,
22,-0.09,,,
22,-0.09,,,
22,-0.07,,,
22,-0.08,,,
22,-0.08,,,
22,-0.08,,,
22,-0.08,,,
22,-0.08,,,
22,-0.08,,,
22,-0.08,,,
22,-0.08,,,
22,-0.08,,,
22,-0.09,,,
Ending Test Case,,,,